{
    "model_params": {
        "L": 3.195,
        "S": 0.0356,
        "V": 0.0,
        "m": 114.7,
        "xc": -0.0188,
        "yc": -0.0017,
        "zc": 0.0008,
        "Jxx": 0.631407,
        "Jyy": 57.069709,
        "Jzz": 57.071437,
        "T": 0.0,
        "lk": 1.714,
        "rk": 0.021,
        "sgm": 0.0,
        "dyc": 0.0,
        "SGM": 0.018,
        "LW": 0.021,
        "LH": 0.0,
        "dkmax": 0.0,
        "dkmin": -4.0,
        "dk0": -2.61917,
        "deltaymax": 10.0,
        "deltavymax": 10.0,
        "ddmax": 10.0,
        "dvmax": 5.0,
        "dthetamax": 5.0,
        "wzmax": 30.0,
        "wxmax": 300.0,
        "dphimax": 60.0
    },
    "sim_params": {
        "t0": 0.0,
        "tend": 0.2,
        "dt": 0.0002,
        "v0": 300.0,
        "theta0": -10.0,
        "psi0": 0.0,
        "phi0": 0.0,
        "alpha0": 0.03138,
        "wx0": 0.0,
        "wy0": 0.0,
        "wz0": 6.63,
        "k_wz": 0.06,
        "k_theta": 0.04,
        "kwz": 0.312,
        "ktheta": 4.0,
        "k_ps": 4.0,
        "k_ph": 0.08,
        "k_wx": 0.001656,
        "k_wy": 0.312,
        "tend_under_input": 3.41
    },
    "ui_state": {
        "CurrentTab": 0,
        "VisualizationTab": 0
    },
    "config_version": "3.0",
    "timestamp": "2025-12-30 02:34:19"
}